"Carimbo de data/hora","Idade","Sexo","Qual o seu grau de escolaridade?","Você utiliza dispositivos móveis com qual frequência?","Já utilizou aplicações de Realidade Aumentada (RA)?","Abra o aplicativo EcosAR e selecione o botão ""Iniciar"".","Aponte a câmera do dispositivo para os marcadores ""Cena"", ""Vento"" e ""Temperatura"" e verifique se o aplicativo os detectou.","Selecione o botão ""?"" no canto superior direito da tela e siga os passos apresentados no aplicativo. Lembre ao final de selecionar novamente o botão ""?"" para voltar.","Rotacione o marcador ""Temperatura"" até que a temperatura da cena esteja acima de 10ºC e tenha parado de nevar.","Rotacione o marcador ""Temperatura"" até que a temperatura da cena esteja acima de 20 ºC e tenha formado nuvens e alterado o solo da cena.","Com a temperatura da cena em estado agradável (entre 11 ºC e 39 ºC), verifique se as árvores começaram a crescer na cena.","Agora, rotacione o marcador ""Temperatura"" até a temperatura da cena passar de 40 ºC e verifique se o estado do solo alterou, as árvores começaram a morrer e o lago começou a secar.","Diminua a temperatura da cena para menos de 40 ºC e utilize o marcador ""Vento"" para aumentar a velocidade do vento, trazendo as nuvens para a posição correta e fazendo chover na cena.","Agora que você conhece as funcionalidades do EcosAR, manipule a cena do jeito que você desejar.","Você conseguiu concluir os objetivos dessa pesquisa com facilidade?","Quantas tarefas você concluiu sem NENHUM auxílio externo?","Como você classifica a usabilidade de manipular a cena?","Como você classifica a usabilidade do EcosAR em Geral?","Você acha que o EcosAR cumpriu seu objetivo de desenvolver um simulador de ecossistemas para dispositivos móveis?","Você possui algum comentário geral, crítica ou sugestão?"
"2019/05/20 7:31:37 PM GMT-3","55 ","Feminino","Ensino superior completo","Frequentemente","Não","Concluído","Concluído","Concluído","Concluído","Concluído","Concluído","Concluído","Concluído","Concluído","3","4","3","3","4",""
"2019/06/17 4:50:15 PM GMT-3","18","Feminino","Ensino superior incompleto","Frequentemente","Não","Concluído","Concluído","Concluído","Concluído","Concluído","Concluído","Concluído","Concluído","Concluído","5","Três ou mais","4","5","5",""
"2019/06/17 4:54:43 PM GMT-3","20","Feminino","Ensino superior incompleto","Frequentemente","Não","Concluído","Concluído","Concluído","Concluído","Concluído","Concluído","Concluído","Concluído","Concluído","5","Três ou mais","5","5","5","Achei mto top "
"2019/06/17 4:55:47 PM GMT-3","20","Feminino","Ensino superior incompleto","Frequentemente","Sim","Concluído","Concluído","Concluído","Concluído","Concluído","Concluído","Concluído","Concluído","Concluído","5","Todas","4","5","5",""
"2019/06/17 4:57:59 PM GMT-3","22","Feminino","Ensino superior incompleto","Frequentemente","Não","Concluído","Concluído","Concluído","Concluído","Concluído","Concluído","Concluído","Concluído","Concluído","5","Menos que três","5","5","2",""
"2019/06/17 5:06:10 PM GMT-3","20","Feminino","Ensino superior incompleto","Frequentemente","Não","Concluído","Concluído","Concluído","Concluído","Concluído","Concluído","Concluído","Concluído","Concluído","4","Todas","5","5","5",""
"2019/06/17 5:06:44 PM GMT-3","20","Masculino","Ensino superior incompleto","Frequentemente","Sim","Concluído","Concluído","Concluído","Concluído","Concluído","Concluído","Concluído","Concluído","Concluído","5","Menos que três","5","5","5","Tipo de flora que cresce longe da água"
"2019/06/17 5:08:59 PM GMT-3","21","Masculino","Ensino superior incompleto","Frequentemente","Sim","Concluído","Concluído","Concluído","Concluído","Concluído","Concluído","Concluído","Concluído","Concluído","5","Menos que três","5","5","5","Ótima ferramenta de ensino, fica a sugestão de inserir mais elementos como animais e vegetações associadas a altitude "